size,mime_types,format,has_breeds,order,page,limit,include_breeds,include_categories
small,jpg,json,true,RANDOM,0,5,1,1
med,png,json,true,DESC,1,10,0,1
full,gif,json,false,ASC,2,15,1,0
small,jpg,json,true,RANDOM,3,25,0,0
med,png,json,false,DESC,4,5,1,1
full,gif,json,true,ASC,5,10,0,1
small,jpg,json,false,RANDOM,6,15,1,0
med,png,json,true,DESC,7,25,0,0
full,gif,json,true,ASC,8,5,1,1
small,jpg,json,false,RANDOM,9,10,0,1
med,png,json,true,DESC,10,15,1,0
full,gif,json,false,ASC,11,25,0,0
small,jpg,json,true,RANDOM,12,5,1,1
med,png,json,false,DESC,13,10,0,1
full,gif,json,true,ASC,14,15,1,0
small,jpg,json,false,RANDOM,15,25,0,0
med,png,json,true,DESC,16,5,1,1
full,gif,json,false,ASC,17,10,0,1
small,jpg,json,true,RANDOM,18,15,1,0
med,png,json,false,DESC,19,25,0,0
full,gif,json,true,ASC,20,5,1,1
small,jpg,json,false,RANDOM,21,10,0,1
med,png,json,true,DESC,22,15,1,0
full,gif,json,false,ASC,23,25,0,0
small,jpg,json,true,RANDOM,24,5,1,1
med,png,json,false,DESC,25,10,0,1
full,gif,json,true,ASC,26,15,1,0
small,jpg,json,false,RANDOM,27,25,0,0
med,png,json,true,DESC,28,5,1,1
full,gif,json,false,ASC,29,10,0,1